customer_id,loyalty_tier,join_date
C1,Gold,2022-08-03 23:07:00
C2,Gold,2023-03-10 22:16:27
C3,Gold,2023-05-28 20:58:59
C4,Platinum,2021-03-14 23:07:27
C5,Platinum,2022-09-14 19:06:29
C6,Silver,2021-03-11 17:13:43
C7,Gold,2023-02-15 23:07:51
C8,Silver,2022-01-05 00:52:15
C9,Silver,2022-06-16 01:14:08
C10,Platinum,2022-05-03 19:07:03
C11,Silver,2021-10-06 21:27:15
C12,Silver,2021-01-03 05:41:31
C13,Silver,2021-11-12 01:00:30
C14,Silver,2023-01-28 14:03:28
C15,Silver,2023-01-07 01:59:01
C16,Silver,2021-12-23 05:37:32
C17,Platinum,2023-07-29 01:25:50
C18,Gold,2022-04-03 08:03:03
C19,Platinum,2023-09-22 03:11:49
C20,Gold,2023-11-07 19:26:03
C21,Silver,2023-06-15 13:26:50
C22,Platinum,2021-09-08 23:24:04
C23,Silver,2023-07-28 18:51:28
C24,Gold,2021-07-28 12:08:57
C25,Gold,2023-01-04 07:37:17
C26,Silver,2021-09-09 19:04:32
C27,Platinum,2023-07-01 18:25:42
C28,Platinum,2022-02-17 11:05:51
C29,Platinum,2023-06-03 21:08:43
C30,Gold,2023-08-27 01:48:41
C31,Platinum,2023-08-07 17:53:36
C32,Silver,2023-10-06 07:42:11
C33,Gold,2023-03-18 03:16:18
C34,Platinum,2022-04-01 20:38:01
C35,Gold,2023-06-20 05:10:50
C36,Silver,2023-10-16 13:48:59
C37,Platinum,2021-09-10 11:48:53
C38,Platinum,2021-07-13 11:38:19
C39,Platinum,2021-07-23 04:05:50
C40,Silver,2023-06-03 00:35:02
C41,Platinum,2023-01-13 06:56:38
C42,Platinum,2023-05-01 15:05:24
C43,Platinum,2022-07-28 04:44:35
C44,Silver,2023-04-12 11:12:10
C45,Platinum,2022-03-01 10:45:36
C46,Platinum,2021-05-31 04:51:32
C47,Gold,2023-11-10 06:38:54
C48,Gold,2022-08-08 18:20:28
C49,Gold,2022-01-16 09:17:47
C50,Silver,2021-03-11 06:23:29
C51,Silver,2023-11-02 23:11:10
C52,Silver,2021-11-25 23:39:42
C53,Platinum,2023-11-14 21:24:47
C54,Gold,2022-10-09 08:35:17
C55,Gold,2023-09-28 14:20:06
C56,Gold,2022-07-01 03:17:10
C57,Gold,2022-11-25 13:04:19
C58,Silver,2023-09-13 21:33:02
C59,Silver,2022-08-17 08:29:43
C60,Gold,2023-05-01 08:32:44
C61,Silver,2021-03-14 23:50:16
C62,Gold,2023-01-18 16:25:20
C63,Gold,2022-08-21 23:11:48
C64,Platinum,2022-08-04 08:15:02
C65,Silver,2021-09-02 04:07:04
C66,Platinum,2023-07-12 07:28:39
C67,Gold,2022-07-17 17:32:29
C68,Silver,2023-01-15 08:55:47
C69,Gold,2021-01-08 20:14:34
C70,Gold,2022-04-06 11:41:15
C71,Platinum,2021-03-04 01:53:21
C72,Silver,2021-09-28 11:57:10
C73,Silver,2021-01-08 07:49:19
C74,Platinum,2021-09-29 16:33:39
C75,Platinum,2021-01-16 11:49:29
C76,Silver,2021-01-16 20:48:27
C77,Silver,2023-02-19 09:12:22
C78,Platinum,2021-06-09 23:03:38
C79,Gold,2023-07-07 20:30:27
C80,Silver,2023-07-31 08:06:01
C81,Platinum,2022-03-14 02:39:25
C82,Platinum,2023-07-17 06:56:04
C83,Silver,2022-11-09 21:38:16
C84,Platinum,2022-05-03 07:36:51
C85,Platinum,2021-11-14 18:02:41
C86,Silver,2021-06-24 14:48:19
C87,Platinum,2022-09-04 19:48:45
C88,Gold,2023-02-28 04:23:40
C89,Gold,2023-05-14 10:58:01
C90,Gold,2022-09-28 11:59:35
C91,Silver,2022-12-10 22:03:22
C92,Platinum,2023-06-04 02:55:19
C93,Silver,2023-03-11 15:17:39
C94,Gold,2023-04-17 22:54:17
C95,Silver,2023-07-07 02:59:38
C96,Platinum,2022-11-27 04:39:20
C97,Gold,2023-03-14 20:32:20
C98,Gold,2021-01-07 20:04:00
C99,Silver,2023-05-06 15:03:05
C100,Gold,2023-09-20 14:42:56
C101,Platinum,2023-05-22 00:52:04
C102,Gold,2023-06-11 01:21:23
C103,Platinum,2023-08-05 02:46:33
C104,Platinum,2023-09-16 12:56:16
C105,Silver,2021-06-16 08:13:40
C106,Gold,2022-10-30 20:52:23
C107,Platinum,2021-09-18 14:27:02
C108,Platinum,2022-12-19 17:31:40
C109,Platinum,2021-12-15 15:32:13
C110,Platinum,2021-04-01 03:09:07
C111,Silver,2023-09-21 10:48:26
C112,Silver,2023-05-10 18:00:19
C113,Silver,2022-12-28 18:35:34
C114,Gold,2021-07-20 06:30:44
C115,Gold,2021-08-12 22:43:36
C116,Silver,2023-01-14 03:22:50
C117,Gold,2023-11-05 05:24:06
C118,Silver,2023-06-06 14:33:38
C119,Gold,2021-10-31 13:32:12
C120,Silver,2022-02-19 22:54:22
C121,Gold,2022-05-31 17:32:33
C122,Silver,2021-08-25 05:47:04
C123,Gold,2021-05-29 09:40:51
C124,Platinum,2023-09-23 15:05:17
C125,Gold,2021-08-08 03:32:50
C126,Platinum,2023-04-24 02:11:31
C127,Platinum,2021-11-25 08:49:00
C128,Gold,2022-08-30 03:20:08
C129,Gold,2021-04-21 11:54:34
C130,Silver,2022-05-03 04:37:36
C131,Gold,2022-02-15 02:01:14
C132,Silver,2023-10-26 21:31:27
C133,Silver,2022-06-05 05:05:42
C134,Gold,2022-02-12 11:04:13
C135,Gold,2023-02-10 11:18:35
C136,Gold,2023-11-01 23:02:39
C137,Gold,2023-07-23 23:29:56
C138,Gold,2021-07-16 12:19:30
C139,Silver,2022-09-18 20:36:29
C140,Silver,2021-05-15 04:03:59
C141,Platinum,2021-03-22 09:35:43
C142,Silver,2021-03-16 21:01:15
C143,Platinum,2022-12-18 10:09:17
C144,Gold,2021-11-10 13:00:51
C145,Gold,2023-06-24 18:54:19
C146,Platinum,2023-01-24 19:21:21
C147,Silver,2022-03-06 16:30:19
C148,Platinum,2023-05-17 11:24:23
C149,Gold,2023-08-22 07:41:25
C150,Platinum,2023-03-09 10:16:18
C151,Platinum,2021-12-30 03:41:36
C152,Gold,2023-03-07 08:48:05
C153,Platinum,2023-10-06 02:43:26
C154,Silver,2022-09-10 12:37:07
C155,Platinum,2021-04-22 15:24:55
C156,Gold,2022-12-15 18:26:47
C157,Gold,2022-03-30 22:44:07
C158,Silver,2021-10-14 07:55:09
C159,Platinum,2021-02-05 02:11:46
C160,Platinum,2021-11-17 06:10:07
C161,Gold,2022-03-10 20:46:48
C162,Silver,2023-08-23 08:02:43
C163,Silver,2023-10-06 20:56:42
C164,Platinum,2022-12-23 09:53:09
C165,Platinum,2022-08-07 23:39:31
C166,Gold,2023-02-10 21:52:39
C167,Gold,2021-07-25 03:16:33
C168,Platinum,2022-11-28 00:14:56
C169,Silver,2022-04-10 07:42:41
C170,Gold,2021-07-18 17:01:40
C171,Platinum,2021-09-19 08:03:27
C172,Silver,2023-07-17 05:08:05
C173,Gold,2022-12-30 06:01:55
C174,Gold,2023-04-14 00:12:54
C175,Platinum,2022-07-18 11:00:17
C176,Silver,2023-06-06 02:38:36
C177,Gold,2021-08-08 11:10:23
C178,Gold,2022-07-26 06:39:56
C179,Silver,2023-10-26 09:07:28
C180,Gold,2021-01-19 20:22:10
C181,Silver,2022-05-16 03:52:06
C182,Silver,2021-12-05 16:34:48
C183,Gold,2021-11-25 17:16:21
C184,Platinum,2022-03-12 02:41:44
C185,Silver,2021-12-06 13:50:56
C186,Gold,2023-01-24 02:47:43
C187,Silver,2021-02-13 22:24:54
C188,Gold,2022-01-02 14:30:10
C189,Silver,2023-08-16 07:55:25
C190,Gold,2021-10-28 23:22:20
C191,Silver,2023-01-23 06:46:38
C192,Silver,2023-11-07 19:46:56
C193,Gold,2023-04-24 14:52:53
C194,Gold,2023-03-29 10:59:13
C195,Silver,2023-07-15 09:09:12
C196,Gold,2023-09-24 02:40:14
C197,Silver,2021-10-16 02:31:27
C198,Platinum,2021-12-23 11:05:08
C199,Silver,2023-06-16 23:43:55
C200,Platinum,2021-02-28 10:54:40
C201,Platinum,2021-11-08 08:47:30
C202,Silver,2022-10-02 10:44:56
C203,Gold,2022-07-17 10:14:30
C204,Silver,2022-08-21 20:43:34
C205,Platinum,2021-03-25 07:34:46
C206,Gold,2021-07-02 14:24:59
C207,Platinum,2023-01-30 03:04:26
C208,Silver,2022-08-06 12:59:56
C209,Silver,2021-08-26 23:21:06
C210,Silver,2022-08-25 09:52:58
C211,Gold,2023-05-29 10:57:32
C212,Silver,2021-05-09 23:46:08
C213,Silver,2021-05-25 06:07:15
C214,Gold,2022-01-12 10:41:20
C215,Gold,2022-06-21 15:14:13
C216,Silver,2023-10-22 06:56:59
C217,Platinum,2023-07-27 13:19:48
C218,Silver,2023-11-07 09:36:13
C219,Platinum,2022-11-17 12:10:15
C220,Gold,2022-01-10 23:16:31
C221,Silver,2023-03-19 05:28:58
C222,Gold,2022-09-10 07:34:53
C223,Gold,2021-02-20 13:54:12
C224,Gold,2023-06-18 19:42:32
C225,Platinum,2022-04-11 19:49:17
C226,Platinum,2023-06-01 15:06:34
C227,Gold,2023-02-14 10:15:02
C228,Platinum,2022-07-14 21:52:53
C229,Gold,2022-12-14 23:52:14
C230,Gold,2021-05-01 18:36:05
C231,Platinum,2023-04-07 05:32:05
C232,Silver,2021-06-06 05:08:19
C233,Silver,2023-04-11 10:26:25
C234,Silver,2022-02-21 21:23:01
C235,Platinum,2023-07-27 20:04:22
C236,Gold,2023-06-11 03:06:54
C237,Platinum,2021-01-09 08:11:56
C238,Platinum,2021-11-18 11:41:31
C239,Platinum,2022-06-29 16:00:31
C240,Gold,2021-01-22 08:36:31
C241,Gold,2022-09-29 13:55:48
C242,Platinum,2022-11-25 22:00:07
C243,Silver,2022-03-05 01:46:48
C244,Gold,2021-10-31 14:56:29
C245,Gold,2022-04-17 11:05:58
C246,Gold,2022-10-16 16:09:11
C247,Platinum,2021-03-06 19:11:39
C248,Gold,2021-04-22 08:08:52
C249,Platinum,2021-07-15 17:51:04
C250,Platinum,2022-05-13 22:31:38
C251,Platinum,2021-03-23 02:51:08
C252,Silver,2023-06-20 10:33:47
C253,Platinum,2021-09-27 16:30:02
C254,Platinum,2022-09-03 00:59:38
C255,Gold,2022-11-27 04:44:43
C256,Silver,2021-11-10 12:13:08
C257,Platinum,2021-05-27 12:06:41
C258,Gold,2021-11-26 00:08:58
C259,Silver,2022-12-29 00:24:12
C260,Platinum,2023-02-10 03:51:08
C261,Silver,2022-11-28 03:57:00
C262,Platinum,2021-10-09 05:39:58
C263,Silver,2021-08-14 05:01:38
C264,Platinum,2023-09-18 23:34:54
C265,Silver,2022-01-14 13:47:54
C266,Gold,2023-09-26 02:41:33
C267,Gold,2022-11-07 00:17:09
C268,Platinum,2021-12-10 03:15:15
C269,Gold,2022-04-07 06:54:41
C270,Platinum,2021-02-11 22:31:40
C271,Platinum,2022-11-25 09:23:24
C272,Silver,2023-07-09 17:16:10
C273,Silver,2022-11-01 12:37:07
C274,Platinum,2022-07-06 02:06:39
C275,Gold,2021-12-29 02:52:20
C276,Silver,2022-06-10 21:04:20
C277,Silver,2021-03-01 05:11:44
C278,Silver,2022-02-15 08:43:03
C279,Platinum,2021-10-21 13:43:41
C280,Gold,2022-09-15 16:18:36
C281,Gold,2022-09-10 10:38:46
C282,Gold,2022-05-18 09:57:17
C283,Gold,2023-11-01 05:09:03
C284,Gold,2021-05-15 22:23:59
C285,Gold,2021-02-21 06:45:48
C286,Platinum,2021-11-08 21:42:36
C287,Gold,2021-11-10 19:33:54
C288,Gold,2023-10-01 16:16:11
C289,Gold,2023-10-01 00:45:16
C290,Platinum,2023-05-10 17:50:06
C291,Silver,2022-10-01 09:34:37
C292,Silver,2022-06-02 04:30:31
C293,Platinum,2021-01-07 03:26:29
C294,Platinum,2022-04-26 09:35:58
C295,Silver,2021-02-05 20:48:28
C296,Silver,2023-05-13 18:30:19
C297,Gold,2022-10-18 22:39:02
C298,Gold,2022-12-11 01:08:11
C299,Silver,2023-04-17 08:52:17
C300,Platinum,2023-01-28 12:50:26
C301,Platinum,2022-10-08 20:08:39
C302,Gold,2022-07-10 08:34:12
C303,Silver,2021-01-20 03:36:48
C304,Gold,2023-08-02 07:44:26
C305,Platinum,2021-11-10 17:51:47
C306,Platinum,2021-11-16 11:47:00
C307,Gold,2021-01-15 19:41:07
C308,Gold,2023-09-08 00:19:22
C309,Silver,2021-05-02 05:48:25
C310,Platinum,2022-01-15 03:43:17
C311,Gold,2021-10-07 11:31:45
C312,Platinum,2023-07-07 02:55:38
C313,Silver,2021-10-17 22:36:34
C314,Silver,2022-05-30 02:42:13
C315,Platinum,2023-10-05 06:11:59
C316,Silver,2023-09-14 17:29:08
C317,Silver,2021-08-29 10:02:59
C318,Platinum,2021-06-30 20:48:01
C319,Platinum,2023-03-09 08:04:54
C320,Platinum,2022-03-09 00:00:24
C321,Silver,2022-05-14 16:25:54
C322,Silver,2021-04-09 20:28:22
C323,Gold,2021-10-14 01:04:02
C324,Gold,2021-11-14 08:21:28
C325,Silver,2021-05-26 04:05:42
C326,Gold,2021-03-07 10:01:18
C327,Gold,2021-07-05 15:06:25
C328,Gold,2022-06-05 16:29:34
C329,Gold,2023-10-03 21:13:19
C330,Gold,2023-03-04 18:21:06
C331,Gold,2021-12-07 01:07:52
C332,Platinum,2023-05-09 02:23:25
C333,Platinum,2021-05-04 13:42:43
C334,Gold,2021-12-03 07:51:00
C335,Gold,2021-07-09 06:55:09
C336,Gold,2022-08-04 18:43:56
C337,Gold,2022-08-15 07:55:31
C338,Silver,2022-09-03 19:01:03
C339,Platinum,2022-04-03 23:38:51
C340,Silver,2021-08-16 09:32:45
C341,Platinum,2023-03-15 20:20:28
C342,Gold,2021-03-05 23:33:04
C343,Gold,2021-10-15 20:21:00
C344,Silver,2021-07-05 20:18:11
C345,Gold,2022-06-08 15:34:44
C346,Silver,2021-06-17 03:16:28
C347,Silver,2021-12-14 23:53:15
C348,Silver,2023-04-15 05:47:43
C349,Silver,2021-08-13 19:35:15
C350,Platinum,2022-09-19 14:31:04
C351,Silver,2021-09-02 08:53:36
C352,Silver,2023-10-27 14:40:06
C353,Silver,2021-10-25 02:05:06
C354,Gold,2021-10-22 09:04:10
C355,Platinum,2023-03-14 08:43:47
C356,Silver,2022-05-25 19:12:37
C357,Gold,2022-06-14 00:59:51
C358,Gold,2023-01-04 15:44:58
C359,Silver,2023-05-16 22:43:18
C360,Gold,2022-04-16 02:13:17
C361,Silver,2022-10-28 16:32:39
C362,Silver,2022-08-12 10:48:10
C363,Gold,2021-01-11 14:05:29
C364,Platinum,2022-07-06 08:40:59
C365,Gold,2022-02-20 15:50:08
C366,Gold,2022-09-25 07:33:56
C367,Gold,2021-02-25 17:44:21
C368,Silver,2021-02-11 03:47:03
C369,Silver,2022-08-06 01:02:53
C370,Platinum,2023-06-27 00:03:58
C371,Platinum,2021-09-10 06:25:37
C372,Silver,2022-10-18 19:32:20
C373,Silver,2022-02-19 22:43:27
C374,Platinum,2022-07-27 16:36:35
C375,Gold,2022-03-12 20:08:27
C376,Gold,2021-07-18 06:10:42
C377,Gold,2022-02-19 07:40:04
C378,Silver,2023-01-03 11:41:35
C379,Silver,2022-05-30 19:21:16
C380,Silver,2023-06-11 05:39:10
C381,Gold,2022-09-21 02:25:35
C382,Gold,2022-12-06 01:41:35
C383,Platinum,2023-05-02 07:57:00
C384,Platinum,2022-09-19 04:52:44
C385,Gold,2022-03-19 23:54:14
C386,Platinum,2022-10-11 22:58:22
C387,Silver,2021-09-23 23:11:25
C388,Platinum,2021-10-17 12:59:53
C389,Gold,2022-08-18 20:52:15
C390,Platinum,2023-04-21 07:19:47
C391,Platinum,2023-09-29 18:03:59
C392,Platinum,2021-04-29 04:09:02
C393,Gold,2023-07-04 12:37:16
C394,Gold,2023-08-27 17:30:16
C395,Silver,2022-10-11 17:58:12
C396,Gold,2021-12-15 03:55:47
C397,Platinum,2022-11-13 23:50:46
C398,Silver,2021-08-13 02:49:02
C399,Silver,2022-09-12 07:28:49
C400,Platinum,2021-02-02 10:13:09
C401,Silver,2022-03-19 14:39:08
C402,Gold,2023-03-14 01:07:36
C403,Platinum,2021-06-27 22:08:45
C404,Silver,2023-02-01 23:15:55
C405,Gold,2022-07-04 22:30:14
C406,Silver,2023-03-14 22:58:03
C407,Silver,2021-06-06 09:17:52
C408,Silver,2022-12-10 04:44:36
C409,Gold,2021-10-07 23:45:50
C410,Platinum,2021-08-07 04:00:46
C411,Platinum,2021-09-22 23:40:27
C412,Silver,2022-09-15 00:33:56
C413,Gold,2022-07-02 01:04:33
C414,Platinum,2022-09-10 20:06:17
C415,Gold,2021-01-31 16:21:03
C416,Platinum,2023-07-28 14:03:41
C417,Platinum,2021-08-19 02:09:00
C418,Gold,2023-03-12 16:55:38
C419,Platinum,2021-05-16 08:55:43
C420,Gold,2022-04-01 05:34:13
C421,Gold,2021-06-29 01:17:15
C422,Platinum,2021-02-04 15:40:22
C423,Gold,2022-07-14 15:41:08
C424,Gold,2023-05-06 04:41:05
C425,Gold,2022-08-11 23:02:49
C426,Platinum,2023-06-27 16:33:11
C427,Gold,2023-01-05 09:06:17
C428,Platinum,2023-08-09 22:05:56
C429,Gold,2022-03-31 05:48:04
C430,Silver,2023-03-14 18:05:01
C431,Silver,2023-10-04 19:14:22
C432,Silver,2022-06-03 07:36:03
C433,Platinum,2023-03-24 19:19:37
C434,Silver,2021-08-31 18:28:02
C435,Gold,2021-09-13 09:10:04
C436,Platinum,2021-11-26 17:47:50
C437,Silver,2021-07-18 16:23:04
C438,Gold,2021-12-13 19:55:40
C439,Platinum,2021-08-14 10:00:16
C440,Gold,2021-06-13 17:27:57
C441,Gold,2022-03-21 18:54:31
C442,Silver,2023-02-07 12:43:41
C443,Platinum,2022-04-28 05:00:57
C444,Gold,2022-05-19 12:15:08
C445,Platinum,2023-02-28 21:14:22
C446,Platinum,2023-10-04 19:03:43
C447,Platinum,2023-07-20 11:53:31
C448,Platinum,2023-09-30 05:26:09
C449,Platinum,2021-10-09 01:48:17
C450,Platinum,2023-06-10 10:19:25
C451,Gold,2022-01-19 23:47:29
C452,Gold,2023-10-09 23:30:00
C453,Silver,2022-12-28 22:57:43
C454,Platinum,2022-08-08 06:09:39
C455,Gold,2023-03-26 05:09:25
C456,Silver,2023-10-17 06:30:58
C457,Platinum,2023-07-26 07:26:09
C458,Platinum,2021-01-04 15:11:47
C459,Platinum,2021-03-09 16:20:36
C460,Platinum,2022-02-24 05:22:56
C461,Silver,2023-05-26 07:36:38
C462,Gold,2023-05-19 17:06:44
C463,Platinum,2021-11-23 17:41:33
C464,Gold,2022-02-24 20:26:57
C465,Platinum,2022-03-01 04:31:59
C466,Silver,2023-04-14 23:12:30
C467,Silver,2021-04-03 01:57:39
C468,Platinum,2022-04-01 10:00:40
C469,Gold,2021-11-27 14:54:53
C470,Gold,2021-04-18 18:46:39
C471,Gold,2023-07-01 09:28:51
C472,Silver,2021-02-04 01:46:44
C473,Silver,2021-04-15 23:28:29
C474,Platinum,2021-12-15 22:51:47
C475,Silver,2021-12-15 05:53:09
C476,Silver,2022-08-14 08:12:43
C477,Gold,2023-06-18 10:39:04
C478,Platinum,2023-06-12 19:55:15
C479,Silver,2022-11-02 00:37:22
C480,Gold,2021-07-12 15:06:53
C481,Silver,2023-09-19 17:48:35
C482,Silver,2023-01-23 19:41:23
C483,Platinum,2022-01-19 06:42:19
C484,Silver,2023-08-24 04:05:15
C485,Gold,2021-08-03 22:46:16
C486,Platinum,2023-08-23 13:17:58
C487,Silver,2021-07-16 07:05:53
C488,Gold,2021-05-03 04:34:16
C489,Silver,2023-06-21 16:06:12
C490,Gold,2023-03-17 19:38:43
C491,Platinum,2023-01-27 10:20:09
C492,Silver,2022-04-24 22:39:01
C493,Silver,2022-05-30 03:47:22
C494,Gold,2021-11-28 03:45:45
C495,Silver,2023-07-15 20:18:52
C496,Gold,2023-05-06 14:16:58
C497,Platinum,2021-08-17 12:07:46
C498,Silver,2022-10-31 21:22:04
C499,Gold,2021-05-29 13:07:44
C500,Silver,2021-10-02 07:13:05
C501,Silver,2022-11-12 03:18:10
C502,Platinum,2021-02-04 03:28:57
C503,Gold,2021-04-07 23:11:07
C504,Gold,2023-06-06 18:57:09
C505,Silver,2021-06-30 18:35:09
C506,Gold,2023-08-25 22:55:48
C507,Gold,2021-02-17 02:03:46
C508,Platinum,2023-11-06 23:53:59
C509,Platinum,2023-01-09 18:25:02
C510,Platinum,2023-01-15 11:49:26
C511,Platinum,2023-07-20 15:54:03
C512,Gold,2022-06-06 13:50:01
C513,Gold,2022-02-05 23:03:05
C514,Gold,2022-04-11 08:00:15
C515,Silver,2021-09-30 08:59:38
C516,Silver,2023-04-15 13:38:36
C517,Gold,2022-12-19 23:02:26
C518,Silver,2022-07-30 11:52:22
C519,Gold,2022-05-13 08:27:11
C520,Silver,2023-03-01 22:33:36
C521,Gold,2023-06-13 10:52:03
C522,Platinum,2023-07-02 14:20:50
C523,Gold,2023-03-01 22:37:35
C524,Silver,2022-01-28 17:51:54
C525,Platinum,2022-09-29 06:44:17
C526,Silver,2021-03-08 12:39:30
C527,Gold,2022-04-18 06:31:32
C528,Platinum,2023-06-10 09:18:58
C529,Platinum,2022-04-28 00:04:11
C530,Platinum,2022-06-05 10:26:15
C531,Platinum,2021-03-17 06:29:13
C532,Gold,2023-07-08 21:12:16
C533,Silver,2023-07-19 01:29:28
C534,Silver,2022-08-17 22:23:38
C535,Platinum,2021-04-08 00:30:02
C536,Gold,2022-06-03 21:37:48
C537,Platinum,2022-12-15 21:22:52
C538,Gold,2022-07-10 21:26:11
C539,Silver,2023-06-19 11:09:46
C540,Silver,2021-02-21 11:12:06
C541,Silver,2022-04-24 05:41:41
C542,Gold,2023-05-04 08:05:41
C543,Silver,2023-08-25 19:10:05
C544,Gold,2023-01-24 23:40:54
C545,Gold,2023-09-02 06:06:06
C546,Gold,2023-02-18 06:44:12
C547,Platinum,2022-05-23 05:06:51
C548,Platinum,2021-10-27 11:33:39
C549,Silver,2023-06-28 14:38:30
C550,Platinum,2022-04-13 16:59:58
C551,Platinum,2021-05-01 18:23:08
C552,Silver,2021-08-09 13:30:59
C553,Platinum,2021-08-04 13:19:50
C554,Gold,2022-06-12 03:12:42
C555,Silver,2022-05-09 02:48:39
C556,Silver,2022-07-03 23:03:24
C557,Gold,2023-06-24 05:52:25
C558,Platinum,2023-11-06 22:12:32
C559,Silver,2021-10-28 21:38:03
C560,Silver,2022-02-16 00:17:55
C561,Silver,2023-08-24 18:26:18
C562,Gold,2023-06-14 12:58:16
C563,Gold,2023-08-14 02:38:06
C564,Gold,2021-01-26 16:20:17
C565,Gold,2022-06-14 11:55:25
C566,Platinum,2022-01-11 23:01:16
C567,Silver,2021-06-07 01:24:18
C568,Silver,2021-05-04 19:40:31
C569,Platinum,2021-02-23 14:48:44
C570,Silver,2021-11-09 18:08:40
C571,Gold,2023-09-07 19:02:13
C572,Gold,2022-06-04 18:37:47
C573,Silver,2023-01-18 06:50:35
C574,Platinum,2023-05-29 02:04:38
C575,Gold,2021-05-03 08:04:48
C576,Gold,2022-09-08 12:26:08
C577,Gold,2021-01-25 04:25:16
C578,Gold,2021-10-23 10:36:06
C579,Silver,2023-05-15 02:23:01
C580,Gold,2021-06-14 01:29:51
C581,Gold,2023-01-25 20:51:01
C582,Gold,2023-07-20 06:02:03
C583,Platinum,2022-11-15 17:58:34
C584,Platinum,2022-11-22 05:23:30
C585,Silver,2023-10-18 19:13:02
C586,Silver,2023-01-10 23:32:34
C587,Silver,2022-05-11 21:44:10
C588,Platinum,2022-05-17 06:02:38
C589,Gold,2021-10-24 08:43:25
C590,Gold,2023-03-22 10:38:39
C591,Gold,2021-07-13 23:51:25
C592,Gold,2023-07-19 01:36:52
C593,Gold,2022-05-11 17:11:49
C594,Gold,2023-08-31 01:17:35
C595,Platinum,2023-01-30 23:41:32
C596,Gold,2021-12-13 23:54:00
C597,Gold,2023-09-03 16:07:10
C598,Platinum,2021-09-13 14:28:03
C599,Silver,2023-01-19 07:30:27
C600,Silver,2023-03-03 00:50:54
C601,Platinum,2022-09-14 17:02:03
C602,Silver,2023-07-12 02:39:44
C603,Platinum,2022-06-11 17:10:25
C604,Gold,2021-03-26 05:05:56
C605,Gold,2022-08-05 22:00:05
C606,Silver,2022-08-02 17:51:48
C607,Silver,2022-04-19 13:06:12
C608,Silver,2022-05-22 23:52:32
C609,Silver,2023-04-06 05:27:46
C610,Gold,2022-03-02 13:22:25
C611,Silver,2022-06-06 02:38:21
C612,Silver,2023-02-14 05:26:52
C613,Silver,2022-08-15 07:42:35
C614,Platinum,2021-10-12 14:38:15
C615,Platinum,2022-11-03 18:41:59
C616,Silver,2022-10-17 02:03:16
C617,Gold,2022-12-08 00:22:05
C618,Silver,2022-09-19 15:31:47
C619,Gold,2021-10-28 16:08:03
C620,Platinum,2021-04-19 15:01:09
C621,Gold,2022-05-12 18:41:55
C622,Silver,2023-02-15 13:34:15
C623,Gold,2023-07-24 08:28:26
C624,Platinum,2021-12-13 04:44:10
C625,Platinum,2021-03-07 17:53:46
C626,Gold,2022-03-28 17:09:20
C627,Silver,2022-08-30 10:26:21
C628,Silver,2023-06-20 13:55:30
C629,Gold,2021-07-28 20:17:04
C630,Gold,2023-09-21 23:44:49
C631,Silver,2021-01-20 10:38:28
C632,Silver,2023-01-31 04:15:11
C633,Silver,2022-04-09 04:53:04
C634,Gold,2022-01-24 20:20:45
C635,Gold,2021-09-28 01:17:24
C636,Gold,2022-03-25 19:28:17
C637,Platinum,2023-09-19 13:11:46
C638,Gold,2022-02-26 07:39:04
C639,Silver,2022-03-19 15:00:48
C640,Platinum,2021-06-28 04:55:36
C641,Platinum,2021-07-19 14:44:02
C642,Platinum,2021-09-04 18:12:42
C643,Silver,2023-03-04 11:00:28
C644,Platinum,2022-08-29 16:25:55
C645,Platinum,2023-04-11 04:09:14
C646,Silver,2021-07-08 10:31:59
C647,Gold,2021-05-09 08:48:59
C648,Platinum,2021-08-21 10:50:27
C649,Platinum,2022-09-06 11:02:33
C650,Gold,2022-09-27 00:09:59
C651,Gold,2021-06-20 08:46:33
C652,Gold,2023-10-19 14:15:37
C653,Platinum,2023-05-22 03:55:29
C654,Gold,2023-01-06 03:22:36
C655,Silver,2023-08-08 03:49:03
C656,Silver,2021-05-18 11:16:40
C657,Silver,2023-03-07 21:43:00
C658,Gold,2021-09-24 02:12:27
C659,Silver,2022-05-28 01:43:27
C660,Gold,2021-03-18 18:27:07
C661,Silver,2023-10-26 05:20:51
C662,Silver,2023-07-30 05:44:56
C663,Gold,2022-07-25 18:21:36
C664,Gold,2022-01-05 05:07:20
C665,Gold,2023-07-20 02:54:49
C666,Platinum,2023-04-19 12:44:25
C667,Platinum,2021-10-05 07:38:19
C668,Silver,2022-01-06 03:37:39
C669,Silver,2022-01-09 13:30:59
C670,Gold,2021-05-16 04:03:58
C671,Silver,2022-02-09 16:09:07
C672,Platinum,2021-12-25 20:07:06
C673,Platinum,2021-09-23 16:54:57
C674,Platinum,2022-11-20 16:23:48
C675,Gold,2021-11-13 06:35:32
C676,Silver,2022-03-01 07:54:41
C677,Gold,2022-09-19 05:43:35
C678,Gold,2022-02-08 19:03:50
C679,Silver,2021-01-23 15:43:34
C680,Platinum,2022-07-05 01:58:59
C681,Gold,2021-02-01 15:57:42
C682,Platinum,2023-11-13 10:10:24
C683,Silver,2022-11-14 00:55:38
C684,Silver,2021-01-06 23:22:12
C685,Silver,2021-06-18 01:28:39
C686,Silver,2021-05-23 16:44:30
C687,Gold,2021-02-28 00:01:58
C688,Gold,2023-02-09 13:57:45
C689,Gold,2022-06-22 16:30:44
C690,Platinum,2023-04-04 03:14:07
C691,Gold,2021-09-22 22:24:04
C692,Platinum,2022-07-07 09:26:51
C693,Platinum,2023-05-17 02:17:53
C694,Platinum,2023-09-18 01:41:38
C695,Platinum,2022-04-22 08:44:14
C696,Gold,2021-02-03 14:27:52
C697,Platinum,2021-12-16 15:35:54
C698,Silver,2022-11-19 08:32:31
C699,Platinum,2021-09-15 14:52:36
C700,Platinum,2021-12-29 10:55:03
C701,Silver,2022-03-09 01:10:30
C702,Silver,2021-08-05 16:18:58
C703,Platinum,2023-10-03 14:29:49
C704,Silver,2022-04-07 00:49:27
C705,Gold,2021-10-26 21:13:36
C706,Gold,2023-10-20 14:48:10
C707,Silver,2021-05-21 01:26:59
C708,Silver,2022-04-09 13:12:14
C709,Gold,2021-01-30 07:29:52
C710,Silver,2021-07-15 13:04:14
C711,Platinum,2023-06-05 00:26:47
C712,Silver,2022-07-14 16:51:55
C713,Platinum,2021-05-27 03:13:15
C714,Gold,2021-12-25 06:20:28
C715,Silver,2022-11-11 20:56:00
C716,Silver,2023-03-03 17:34:44
C717,Platinum,2022-12-11 10:22:53
C718,Silver,2023-08-27 21:41:35
C719,Silver,2023-09-21 20:55:17
C720,Silver,2023-06-03 21:13:22
C721,Silver,2021-10-21 12:08:02
C722,Platinum,2023-09-22 16:01:06
C723,Silver,2021-08-25 03:12:13
C724,Platinum,2022-06-27 15:54:55
C725,Gold,2022-07-13 02:39:42
C726,Silver,2021-01-07 04:50:13
C727,Gold,2022-07-03 21:54:41
C728,Silver,2023-05-15 06:31:38
C729,Silver,2022-05-12 16:21:04
C730,Gold,2023-09-20 16:35:19
C731,Platinum,2023-09-04 04:14:41
C732,Platinum,2022-05-17 05:22:43
C733,Gold,2021-03-30 07:12:25
C734,Gold,2022-02-22 22:35:17
C735,Platinum,2021-11-27 16:12:35
C736,Silver,2021-04-19 00:57:03
C737,Gold,2021-07-01 18:15:00
C738,Gold,2022-01-05 07:28:46
C739,Platinum,2021-07-14 12:37:25
C740,Platinum,2022-01-02 20:59:55
C741,Silver,2022-10-01 08:34:31
C742,Silver,2021-12-01 19:23:55
C743,Silver,2021-12-05 10:03:44
C744,Platinum,2021-11-27 03:44:59
C745,Gold,2021-10-05 19:05:41
C746,Platinum,2021-05-23 18:39:03
C747,Silver,2023-01-21 10:02:08
C748,Gold,2021-01-01 20:41:58
C749,Silver,2021-12-20 19:22:34
C750,Platinum,2021-01-12 17:28:06
C751,Silver,2021-07-01 23:36:39
C752,Silver,2023-08-14 05:14:23
C753,Platinum,2021-01-08 09:22:30
C754,Gold,2022-11-26 00:22:09
C755,Gold,2021-11-14 12:58:34
C756,Silver,2021-08-23 04:45:53
C757,Platinum,2021-08-21 21:44:40
C758,Gold,2021-10-14 17:58:26
C759,Gold,2023-04-09 23:26:56
C760,Platinum,2023-02-03 23:52:28
C761,Gold,2023-03-02 07:36:35
C762,Gold,2023-02-12 23:00:29
C763,Silver,2023-06-21 16:51:00
C764,Platinum,2022-06-04 23:13:46
C765,Platinum,2022-04-20 12:02:43
C766,Gold,2021-02-11 09:01:34
C767,Silver,2023-06-21 02:34:00
C768,Gold,2022-07-27 23:46:14
C769,Silver,2022-12-13 05:07:02
C770,Platinum,2023-10-20 09:24:48
C771,Gold,2022-11-20 23:18:23
C772,Silver,2021-02-23 05:12:59
C773,Silver,2021-03-17 05:33:28
C774,Gold,2022-08-03 13:48:30
C775,Gold,2021-08-02 21:57:19
C776,Platinum,2022-09-12 16:14:12
C777,Silver,2023-08-01 17:35:34
C778,Platinum,2022-02-20 00:48:02
C779,Silver,2023-07-07 04:22:39
C780,Platinum,2023-06-07 00:40:08
C781,Gold,2021-01-30 17:48:39
C782,Silver,2022-02-09 10:12:01
C783,Platinum,2022-01-02 14:13:49
C784,Silver,2023-10-24 14:39:59
C785,Silver,2022-07-21 03:26:37
C786,Gold,2021-02-25 08:42:11
C787,Gold,2021-11-21 15:52:21
C788,Gold,2021-09-25 09:59:45
C789,Platinum,2021-03-14 05:45:25
C790,Platinum,2023-10-16 19:04:23
C791,Silver,2021-02-09 01:10:19
C792,Gold,2021-10-12 14:42:06
C793,Platinum,2021-09-24 06:21:36
C794,Silver,2022-05-19 13:11:17
C795,Platinum,2021-08-12 12:56:03
C796,Platinum,2022-07-07 00:57:10
C797,Gold,2023-08-30 02:32:26
C798,Platinum,2021-10-31 23:18:51
C799,Gold,2023-06-25 05:28:19
C800,Gold,2023-09-29 08:18:41
C801,Platinum,2021-06-11 04:07:46
C802,Silver,2021-03-27 19:48:08
C803,Platinum,2022-10-25 13:42:57
C804,Silver,2021-03-07 21:31:00
C805,Gold,2023-07-23 20:32:23
C806,Silver,2023-08-05 11:42:09
C807,Platinum,2021-03-06 15:14:33
C808,Platinum,2023-02-12 14:04:50
C809,Platinum,2021-06-14 03:18:13
C810,Platinum,2022-07-08 06:13:29
C811,Gold,2021-05-10 18:27:12
C812,Platinum,2021-11-21 19:46:27
C813,Silver,2022-01-29 01:03:16
C814,Gold,2022-03-21 20:48:05
C815,Gold,2022-05-01 01:17:28
C816,Silver,2022-01-06 11:38:38
C817,Platinum,2021-05-13 20:45:03
C818,Silver,2022-01-22 07:53:48
C819,Platinum,2021-05-30 13:24:02
C820,Gold,2022-11-27 13:27:58
C821,Platinum,2021-09-26 04:44:17
C822,Silver,2023-03-23 04:57:37
C823,Gold,2022-09-24 20:12:51
C824,Silver,2022-09-04 21:11:46
C825,Silver,2022-12-13 09:45:23
C826,Silver,2022-07-13 01:10:25
C827,Silver,2022-01-15 23:44:30
C828,Silver,2022-06-04 07:29:59
C829,Silver,2021-06-15 02:45:35
C830,Gold,2021-11-19 22:36:19
C831,Silver,2023-05-31 14:12:17
C832,Silver,2023-07-12 22:16:15
C833,Platinum,2021-10-07 10:42:05
C834,Platinum,2022-06-27 12:50:44
C835,Silver,2021-04-30 08:34:55
C836,Platinum,2021-08-18 18:14:41
C837,Platinum,2023-07-19 13:01:23
C838,Gold,2021-01-10 12:32:13
C839,Gold,2022-08-08 15:10:26
C840,Gold,2021-08-22 02:03:43
C841,Platinum,2023-09-11 05:05:37
C842,Platinum,2021-03-15 11:53:48
C843,Silver,2023-06-28 12:17:42
C844,Gold,2021-08-20 12:30:40
C845,Silver,2023-01-24 12:24:43
C846,Gold,2021-10-08 04:59:02
C847,Gold,2022-05-08 15:54:41
C848,Platinum,2023-07-28 04:12:02
C849,Platinum,2022-03-21 12:29:39
C850,Platinum,2023-03-21 00:42:54
C851,Gold,2022-06-04 12:41:04
C852,Platinum,2021-11-16 19:10:50
C853,Silver,2021-07-13 04:14:43
C854,Gold,2023-09-22 03:20:24
C855,Silver,2023-07-17 22:00:57
C856,Platinum,2021-03-25 17:28:53
C857,Silver,2021-02-18 10:08:21
C858,Silver,2022-07-30 07:04:21
C859,Silver,2021-01-22 20:11:18
C860,Gold,2021-04-26 23:39:53
C861,Silver,2021-01-11 03:30:22
C862,Silver,2021-02-24 16:04:34
C863,Silver,2021-01-14 19:51:11
C864,Silver,2022-09-05 22:50:52
C865,Silver,2023-08-02 11:45:45
C866,Silver,2021-01-23 07:02:12
C867,Platinum,2021-07-18 05:36:11
C868,Platinum,2023-03-31 06:48:40
C869,Platinum,2022-07-19 03:31:37
C870,Platinum,2022-11-15 04:02:19
C871,Silver,2021-01-27 08:45:41
C872,Silver,2022-12-11 04:14:28
C873,Platinum,2023-07-10 17:58:21
C874,Platinum,2021-01-12 07:27:18
C875,Platinum,2022-06-12 23:12:50
C876,Gold,2021-12-18 12:34:07
C877,Gold,2023-10-28 12:37:25
C878,Silver,2021-04-22 18:30:11
C879,Platinum,2022-03-12 13:37:42
C880,Platinum,2021-05-25 06:31:17
C881,Gold,2021-07-26 20:23:01
C882,Gold,2023-10-12 16:04:10
C883,Platinum,2021-07-26 02:57:12
C884,Silver,2021-03-04 03:21:12
C885,Silver,2021-07-21 12:55:42
C886,Silver,2021-07-06 04:21:54
C887,Gold,2022-08-03 23:19:00
C888,Platinum,2023-05-31 10:55:26
C889,Platinum,2023-08-18 08:06:30
C890,Gold,2023-01-05 18:01:00
C891,Silver,2022-03-21 04:03:57
C892,Silver,2021-02-07 21:40:11
C893,Platinum,2022-11-20 07:03:06
C894,Silver,2022-11-02 12:41:46
C895,Gold,2023-11-10 21:55:36
C896,Platinum,2023-07-29 03:18:03
C897,Silver,2023-10-02 10:38:23
C898,Platinum,2023-11-01 11:17:56
C899,Gold,2022-01-05 13:49:23
C900,Silver,2022-08-25 02:15:02
C901,Silver,2023-05-06 08:16:26
C902,Gold,2021-03-20 13:43:12
C903,Gold,2022-08-11 11:01:44
C904,Gold,2021-01-24 23:05:56
C905,Gold,2023-03-26 13:08:23
C906,Silver,2023-01-22 15:16:48
C907,Platinum,2021-08-23 21:58:11
C908,Silver,2021-06-18 01:59:11
C909,Gold,2022-06-16 14:55:27
C910,Silver,2021-05-23 10:38:14
C911,Silver,2023-04-29 22:13:15
C912,Platinum,2023-10-28 06:32:07
C913,Gold,2021-07-18 02:59:33
C914,Platinum,2022-10-07 14:02:31
C915,Silver,2023-09-08 19:11:19
C916,Gold,2022-02-18 18:20:20
C917,Gold,2023-08-28 15:19:48
C918,Silver,2023-04-07 14:47:17
C919,Platinum,2023-05-09 16:12:54
C920,Gold,2023-06-25 23:01:15
C921,Silver,2023-01-14 04:51:41
C922,Platinum,2023-03-10 02:00:34
C923,Platinum,2022-06-25 11:18:12
C924,Gold,2021-10-10 20:21:04
C925,Silver,2022-01-24 17:37:18
C926,Platinum,2021-05-19 08:35:34
C927,Silver,2021-05-05 07:18:02
C928,Platinum,2023-10-23 15:24:37
C929,Gold,2023-10-29 18:58:36
C930,Gold,2022-04-05 10:56:34
C931,Platinum,2022-08-31 10:44:38
C932,Gold,2023-01-19 08:43:48
C933,Silver,2023-08-28 02:20:45
C934,Silver,2022-10-16 19:58:33
C935,Silver,2022-05-08 19:50:50
C936,Platinum,2023-09-23 05:48:13
C937,Silver,2021-02-09 00:18:00
C938,Gold,2022-12-28 09:38:10
C939,Platinum,2022-01-27 21:04:38
C940,Silver,2022-05-19 10:47:05
C941,Platinum,2023-09-04 07:28:14
C942,Gold,2023-09-06 14:40:51
C943,Platinum,2022-05-09 08:27:28
C944,Silver,2022-04-24 09:00:07
C945,Gold,2021-02-20 18:02:30
C946,Gold,2023-04-28 05:35:18
C947,Platinum,2021-01-25 03:50:27
C948,Platinum,2022-07-17 08:35:17
C949,Silver,2022-02-12 22:47:46
C950,Silver,2021-02-14 13:13:37
C951,Silver,2023-04-04 03:51:22
C952,Gold,2021-01-23 04:22:13
C953,Silver,2022-02-12 12:17:18
C954,Silver,2021-03-03 19:21:16
C955,Silver,2021-01-12 05:08:21
C956,Platinum,2021-09-13 18:34:04
C957,Gold,2023-08-07 05:51:31
C958,Gold,2023-06-09 04:14:12
C959,Gold,2021-05-13 05:32:23
C960,Platinum,2022-09-11 01:03:00
C961,Silver,2022-09-24 12:21:36
C962,Silver,2023-01-29 22:09:23
C963,Gold,2021-10-01 03:13:08
C964,Silver,2023-07-25 23:56:59
C965,Gold,2023-01-15 15:18:14
C966,Silver,2023-11-07 08:16:57
C967,Platinum,2023-05-09 00:55:20
C968,Silver,2021-01-10 00:15:30
C969,Gold,2022-09-10 23:39:36
C970,Silver,2022-05-06 08:24:19
C971,Silver,2023-03-28 09:14:32
C972,Platinum,2022-04-27 19:08:14
C973,Platinum,2022-02-01 22:54:01
C974,Silver,2022-09-11 02:15:02
C975,Gold,2023-03-15 09:54:29
C976,Gold,2023-03-29 15:33:21
C977,Silver,2022-12-13 04:38:17
C978,Platinum,2022-10-03 03:28:22
C979,Silver,2023-05-09 00:04:46
C980,Gold,2021-06-24 11:41:01
C981,Gold,2021-07-18 09:40:40
C982,Platinum,2023-01-29 11:24:00
C983,Silver,2021-02-02 07:55:55
C984,Silver,2023-05-17 09:31:29
C985,Platinum,2021-06-19 23:53:02
C986,Silver,2021-07-21 17:54:00
C987,Gold,2021-12-05 20:35:48
C988,Gold,2022-03-04 02:08:21
C989,Gold,2023-07-09 08:43:14
C990,Silver,2021-09-08 22:50:51
C991,Platinum,2021-12-26 15:17:09
C992,Gold,2022-06-22 00:26:29
C993,Platinum,2021-01-26 07:22:49
C994,Platinum,2023-07-21 12:44:23
C995,Silver,2023-10-11 14:49:44
C996,Platinum,2023-09-20 00:30:53
C997,Silver,2022-05-27 12:41:45
C998,Silver,2023-02-01 12:51:05
C999,Silver,2021-01-04 23:51:06
C1000,Silver,2022-12-04 10:32:52
C1001,Gold,2022-06-06 21:35:45
C1002,Gold,2021-02-26 18:58:53
C1003,Silver,2022-05-05 18:42:59
C1004,Silver,2021-04-08 22:26:04
C1005,Gold,2021-09-10 13:27:46
C1006,Gold,2022-06-14 03:14:10
C1007,Silver,2022-10-16 07:13:10
C1008,Platinum,2022-10-01 00:22:36
C1009,Gold,2022-08-03 23:53:00
C1010,Platinum,2022-01-15 21:48:36
C1011,Gold,2021-02-23 06:12:29
C1012,Silver,2023-10-15 00:19:51
C1013,Platinum,2021-08-22 12:00:08
C1014,Silver,2022-08-23 18:05:09
C1015,Gold,2021-06-07 05:53:41
C1016,Gold,2023-04-21 11:52:49
C1017,Silver,2021-06-03 21:54:13
C1018,Platinum,2021-04-28 15:33:26
C1019,Platinum,2021-01-24 03:05:27
C1020,Silver,2022-12-22 12:03:17
C1021,Silver,2023-07-02 05:08:23
C1022,Platinum,2021-08-08 22:13:09
C1023,Gold,2021-08-01 10:00:30
C1024,Gold,2023-04-30 15:24:36
C1025,Platinum,2021-08-21 17:28:16
C1026,Silver,2021-05-30 09:11:03
C1027,Gold,2023-09-10 00:28:36
C1028,Platinum,2023-09-25 00:05:54
C1029,Silver,2023-08-07 01:46:37
C1030,Platinum,2022-10-07 10:37:31
C1031,Platinum,2022-08-13 01:03:36
C1032,Gold,2022-03-03 18:50:01
C1033,Gold,2023-08-07 10:22:25
C1034,Gold,2021-11-07 11:43:12
C1035,Platinum,2022-07-01 05:17:00
C1036,Silver,2021-12-10 18:08:53
C1037,Gold,2021-05-02 03:41:13
C1038,Platinum,2023-05-23 18:32:53
C1039,Gold,2022-07-27 16:26:56
C1040,Silver,2021-11-23 06:15:45
C1041,Platinum,2022-03-30 04:06:41
C1042,Gold,2022-08-08 22:45:45
C1043,Platinum,2023-10-31 15:00:03
C1044,Platinum,2021-10-08 08:08:56
C1045,Silver,2023-01-13 19:50:16
C1046,Platinum,2023-01-06 17:40:06
C1047,Silver,2022-08-27 12:35:04
C1048,Platinum,2021-04-10 21:50:27
C1049,Platinum,2023-07-15 05:25:39
C1050,Silver,2021-09-30 04:32:50
C1051,Gold,2023-02-14 23:01:20
C1052,Platinum,2021-02-02 17:56:53
C1053,Platinum,2022-12-09 21:41:44
C1054,Gold,2022-08-11 16:22:42
C1055,Gold,2021-12-15 15:51:07
C1056,Gold,2022-09-06 01:44:16
C1057,Platinum,2021-09-05 06:23:53
C1058,Silver,2021-12-27 19:29:24
C1059,Gold,2022-08-05 03:22:47
C1060,Gold,2023-09-08 08:54:55
C1061,Gold,2022-09-03 03:44:51
C1062,Silver,2021-08-06 00:26:03
C1063,Gold,2022-10-13 05:15:11
C1064,Silver,2022-12-31 12:54:55
C1065,Platinum,2023-09-09 07:10:15
C1066,Platinum,2021-11-26 10:38:22
C1067,Silver,2022-01-13 09:58:02
C1068,Silver,2022-09-03 15:28:03
C1069,Platinum,2023-11-01 15:18:34
C1070,Platinum,2022-06-10 14:25:16
C1071,Gold,2022-09-07 05:13:55
C1072,Gold,2022-10-31 07:32:35
C1073,Gold,2021-02-02 04:03:53
C1074,Platinum,2022-10-16 07:15:02
C1075,Gold,2022-10-11 07:17:38
C1076,Platinum,2023-07-14 01:53:30
C1077,Silver,2021-01-17 15:15:04
C1078,Gold,2023-07-05 10:14:57
C1079,Gold,2022-07-27 13:28:54
C1080,Silver,2022-06-22 15:59:05
C1081,Silver,2022-07-18 23:52:51
C1082,Gold,2021-12-19 16:24:22
C1083,Silver,2023-09-04 23:00:54
C1084,Platinum,2021-12-15 01:21:39
C1085,Silver,2022-10-06 04:02:14
C1086,Gold,2023-01-17 06:14:23
C1087,Silver,2021-04-16 05:55:46
C1088,Gold,2023-07-09 04:23:49
C1089,Platinum,2022-10-12 09:58:17
C1090,Silver,2023-04-20 10:38:23
C1091,Gold,2022-06-10 04:52:20
C1092,Gold,2022-08-16 02:36:43
C1093,Silver,2021-10-08 02:08:21
C1094,Gold,2022-03-22 16:17:15
C1095,Gold,2021-09-12 12:50:52
C1096,Platinum,2022-10-19 02:39:11
C1097,Gold,2023-08-15 15:36:27
C1098,Silver,2023-03-06 00:30:33
C1099,Silver,2022-06-25 17:15:59
C1100,Platinum,2021-09-11 13:50:09
C1101,Platinum,2022-11-07 07:17:08
C1102,Platinum,2021-12-02 17:06:15
C1103,Platinum,2022-09-21 04:28:18
C1104,Platinum,2022-09-15 16:50:40
C1105,Platinum,2022-02-05 10:09:55
C1106,Platinum,2022-12-31 09:28:18
C1107,Silver,2022-03-11 09:54:59
C1108,Gold,2021-01-24 02:58:32
C1109,Silver,2021-04-18 06:19:32
C1110,Gold,2021-02-20 18:21:00
C1111,Gold,2022-08-01 02:27:18
C1112,Silver,2023-08-09 22:50:52
C1113,Silver,2023-01-12 11:34:50
C1114,Platinum,2021-10-03 16:46:48
C1115,Gold,2022-07-30 18:46:51
C1116,Silver,2023-07-19 14:01:08
C1117,Platinum,2022-10-04 01:07:11
C1118,Platinum,2023-09-25 12:12:04
C1119,Platinum,2023-09-26 00:50:28
C1120,Platinum,2022-04-04 12:41:01
C1121,Gold,2021-07-22 20:11:49
C1122,Gold,2023-03-21 17:11:46
C1123,Platinum,2021-07-09 02:46:36
C1124,Silver,2023-10-09 23:01:32
C1125,Gold,2021-03-13 12:41:39
C1126,Platinum,2022-05-08 06:16:58
C1127,Platinum,2022-07-03 16:08:15
C1128,Gold,2023-08-01 14:06:07
C1129,Silver,2022-01-28 13:26:03
C1130,Platinum,2023-04-19 17:02:55
C1131,Gold,2023-10-21 07:17:07
C1132,Gold,2022-07-30 00:32:24
C1133,Platinum,2023-03-20 11:08:48
C1134,Platinum,2021-10-26 18:29:29
C1135,Platinum,2021-12-29 17:29:38
C1136,Silver,2022-08-25 08:29:02
C1137,Gold,2023-10-24 13:04:15
C1138,Gold,2021-09-11 04:19:26
C1139,Silver,2023-01-26 16:19:51
C1140,Silver,2021-04-27 16:30:02
C1141,Silver,2021-07-26 06:39:43
C1142,Silver,2022-10-16 01:35:25
C1143,Platinum,2022-03-31 12:23:30
C1144,Platinum,2023-03-18 12:05:57
C1145,Silver,2022-11-22 16:32:08
C1146,Gold,2023-02-27 14:10:29
C1147,Gold,2022-05-06 18:43:31
C1148,Silver,2023-10-30 01:22:07
C1149,Gold,2023-09-24 21:24:47
C1150,Silver,2023-01-22 09:23:40
C1151,Silver,2021-10-08 00:13:02
C1152,Silver,2023-02-14 19:59:32
C1153,Platinum,2023-01-03 23:00:50
C1154,Silver,2023-01-27 06:59:12
C1155,Gold,2023-08-08 16:20:23
C1156,Platinum,2023-04-29 03:15:04
C1157,Silver,2022-11-04 04:54:55
C1158,Platinum,2022-09-27 02:01:55
C1159,Gold,2021-12-05 22:50:26
C1160,Silver,2022-12-10 10:41:11
C1161,Gold,2023-03-27 05:05:32
C1162,Silver,2021-01-29 01:27:39
C1163,Gold,2023-06-23 11:15:39
C1164,Platinum,2023-01-26 04:47:01
C1165,Platinum,2022-06-01 19:53:27
C1166,Platinum,2021-09-15 17:43:18
C1167,Platinum,2022-09-25 13:54:48
C1168,Silver,2021-08-09 03:38:50
C1169,Gold,2021-10-05 21:39:16
C1170,Gold,2021-10-28 23:32:44
C1171,Silver,2021-08-09 15:34:48
C1172,Silver,2023-08-17 00:19:16
C1173,Gold,2021-08-09 14:22:01
C1174,Silver,2022-09-14 04:39:54
C1175,Gold,2021-11-13 11:36:25
C1176,Platinum,2023-06-08 00:16:22
C1177,Gold,2021-03-14 17:10:00
C1178,Platinum,2023-06-21 23:53:11
C1179,Gold,2021-03-10 21:53:15
C1180,Gold,2022-09-21 17:23:30
C1181,Gold,2021-08-29 08:39:41
C1182,Silver,2022-05-06 11:08:52
C1183,Silver,2022-01-01 07:26:26
C1184,Platinum,2023-07-08 12:45:09
C1185,Gold,2022-01-02 13:08:14
C1186,Silver,2023-01-04 01:11:12
C1187,Gold,2021-11-19 17:08:08
C1188,Silver,2022-04-18 07:34:34
C1189,Silver,2022-09-21 13:24:11
C1190,Platinum,2022-10-23 20:57:33
C1191,Platinum,2022-04-29 09:47:55
C1192,Silver,2021-04-12 22:30:24
C1193,Silver,2023-03-09 16:15:37
C1194,Silver,2023-03-03 08:54:36
C1195,Platinum,2022-04-14 09:50:31
C1196,Gold,2023-08-02 21:27:01
C1197,Platinum,2021-10-09 00:25:39
C1198,Gold,2021-06-28 05:47:31
C1199,Silver,2022-04-05 12:39:54
C1200,Platinum,2021-09-16 21:24:26
C1201,Silver,2022-04-02 20:25:20
C1202,Platinum,2022-02-05 21:05:02
C1203,Silver,2021-07-24 06:47:42
C1204,Platinum,2022-04-11 15:31:48
C1205,Platinum,2022-04-26 12:06:46
C1206,Silver,2022-04-04 00:38:35
C1207,Gold,2022-12-03 16:13:29
C1208,Platinum,2023-09-01 01:07:56
C1209,Platinum,2023-08-05 15:54:16
C1210,Platinum,2022-01-17 14:24:31
C1211,Gold,2022-06-29 11:50:23
C1212,Gold,2021-11-01 21:14:38
C1213,Silver,2021-06-24 04:57:33
C1214,Platinum,2023-04-22 19:15:25
C1215,Platinum,2022-12-30 18:21:37
C1216,Silver,2023-06-13 09:47:09
C1217,Gold,2023-01-21 04:28:25
C1218,Gold,2022-03-07 14:25:33
C1219,Gold,2022-09-22 22:45:28
C1220,Silver,2021-05-24 02:59:35
C1221,Gold,2022-11-04 15:14:36
C1222,Silver,2022-12-22 14:45:03
C1223,Platinum,2022-08-20 06:21:55
C1224,Platinum,2023-01-20 08:20:19
C1225,Gold,2021-10-13 03:45:52
C1226,Platinum,2023-08-14 19:28:13
C1227,Gold,2022-12-10 05:08:40
C1228,Gold,2021-01-30 13:34:43
C1229,Gold,2022-11-03 09:25:41
C1230,Platinum,2021-09-01 13:10:18
C1231,Gold,2021-07-09 01:22:57
C1232,Platinum,2021-08-01 12:01:29
C1233,Gold,2022-06-29 13:38:48
C1234,Silver,2022-11-20 04:11:32
C1235,Silver,2022-01-06 22:21:03
C1236,Gold,2021-04-25 13:50:10
C1237,Gold,2023-03-28 04:18:17
C1238,Silver,2022-08-31 00:45:30
C1239,Platinum,2021-11-08 17:51:13
C1240,Gold,2022-10-21 23:12:00
C1241,Gold,2022-01-13 20:08:00
C1242,Platinum,2022-05-03 03:36:33
C1243,Gold,2021-10-20 22:37:03
C1244,Gold,2021-04-04 07:34:28
C1245,Platinum,2022-05-30 13:41:24
C1246,Platinum,2023-08-22 08:02:49
C1247,Platinum,2021-07-03 11:56:30
C1248,Silver,2022-03-17 01:38:24
C1249,Silver,2023-04-03 17:52:30
C1250,Platinum,2021-10-07 07:52:17
C1251,Silver,2022-12-16 08:50:17
C1252,Gold,2022-06-16 02:17:06
C1253,Gold,2022-04-01 04:39:09
C1254,Platinum,2022-01-29 13:56:09
C1255,Gold,2021-01-02 22:17:46
C1256,Silver,2021-07-13 10:33:03
C1257,Silver,2021-08-24 09:45:22
C1258,Platinum,2021-01-05 13:08:10
C1259,Platinum,2021-05-17 14:02:11
C1260,Gold,2022-03-11 12:59:50
C1261,Platinum,2021-06-12 09:36:23
C1262,Platinum,2023-10-02 21:12:08
C1263,Gold,2022-08-28 19:50:26
C1264,Silver,2022-11-23 09:54:14
C1265,Silver,2021-09-27 15:12:15
C1266,Gold,2023-04-01 02:21:10
C1267,Platinum,2021-10-09 08:23:22
C1268,Platinum,2023-11-07 20:19:43
C1269,Silver,2023-01-06 08:20:27
C1270,Gold,2022-04-23 09:34:37
C1271,Gold,2021-01-04 12:51:20
C1272,Platinum,2022-11-27 23:28:56
C1273,Gold,2023-09-22 00:36:07
C1274,Platinum,2021-02-13 01:41:49
C1275,Gold,2021-02-24 06:36:17
C1276,Silver,2021-08-29 03:43:34
C1277,Platinum,2022-02-04 20:01:38
C1278,Silver,2022-02-13 18:34:12
C1279,Silver,2023-06-17 16:48:56
C1280,Platinum,2023-05-25 03:22:57
C1281,Silver,2021-12-30 09:24:52
C1282,Platinum,2021-09-09 16:13:04
C1283,Gold,2021-01-19 01:29:53
C1284,Silver,2023-01-26 01:33:33
C1285,Silver,2022-06-15 20:34:15
C1286,Platinum,2022-05-28 18:40:30
C1287,Gold,2021-11-02 08:09:12
C1288,Silver,2021-05-12 02:07:35
C1289,Platinum,2022-07-31 14:47:15
C1290,Platinum,2021-09-17 13:35:52
C1291,Platinum,2023-08-31 04:01:08
C1292,Silver,2021-10-16 11:30:28
C1293,Gold,2022-02-23 09:57:15
C1294,Silver,2022-08-05 23:18:55
C1295,Platinum,2022-07-11 01:29:36
C1296,Gold,2023-01-26 03:17:07
C1297,Gold,2021-06-21 04:04:28
C1298,Platinum,2021-04-03 16:50:39
C1299,Gold,2021-02-14 23:35:51
C1300,Gold,2022-07-26 21:54:34
C1301,Gold,2023-03-22 01:34:01
C1302,Platinum,2023-10-16 16:26:54
C1303,Gold,2023-06-25 15:39:19
C1304,Silver,2023-05-07 19:27:22
C1305,Platinum,2022-10-12 00:26:40
C1306,Platinum,2023-06-14 14:29:48
C1307,Gold,2022-07-19 03:48:32
C1308,Platinum,2021-02-02 11:09:17
C1309,Silver,2021-09-11 02:12:49
C1310,Platinum,2022-08-27 06:35:21
C1311,Silver,2022-07-26 16:55:08
C1312,Silver,2022-06-04 22:16:00
C1313,Gold,2022-09-23 13:21:23
C1314,Silver,2023-07-23 08:10:04
C1315,Silver,2023-06-07 14:02:54
C1316,Gold,2021-03-04 06:52:31
C1317,Gold,2023-07-16 22:02:10
C1318,Silver,2023-11-07 02:15:46
C1319,Silver,2021-03-27 12:56:30
C1320,Platinum,2023-09-23 20:45:20
C1321,Silver,2022-01-24 22:15:27
C1322,Silver,2023-05-30 16:45:48
C1323,Silver,2023-05-15 22:15:08
C1324,Silver,2023-06-26 01:19:52
C1325,Platinum,2023-02-15 06:57:35
C1326,Silver,2023-07-01 10:19:52
C1327,Gold,2021-09-10 17:21:51
C1328,Silver,2021-03-01 03:48:49
C1329,Gold,2022-10-12 20:06:16
C1330,Silver,2022-11-21 00:08:33
C1331,Platinum,2022-06-21 03:07:06
C1332,Gold,2022-08-27 14:21:29
C1333,Platinum,2021-06-04 04:04:48
C1334,Platinum,2022-06-13 15:31:21
C1335,Gold,2022-12-09 22:16:12
C1336,Gold,2021-01-21 19:07:50
C1337,Silver,2023-05-06 17:14:33
C1338,Gold,2023-02-26 09:39:01
C1339,Platinum,2022-11-18 17:32:31
C1340,Platinum,2021-07-31 16:46:51
C1341,Silver,2022-10-25 08:23:13
C1342,Gold,2022-04-21 17:58:27
C1343,Platinum,2021-12-30 20:31:44
C1344,Silver,2021-12-24 03:01:11
C1345,Silver,2022-08-27 23:35:50
C1346,Platinum,2021-07-04 16:50:00
C1347,Gold,2022-08-01 20:29:38
C1348,Gold,2022-02-15 17:51:05
C1349,Platinum,2023-09-18 20:04:02
C1350,Silver,2023-05-11 00:10:52
C1351,Gold,2021-07-04 23:10:05
C1352,Silver,2022-01-15 00:10:04
C1353,Platinum,2022-07-25 09:46:14
C1354,Silver,2021-08-05 16:07:03
C1355,Gold,2022-07-25 14:50:41
C1356,Platinum,2021-03-16 18:55:54
C1357,Silver,2022-12-18 04:14:29
C1358,Gold,2023-04-25 03:00:43
C1359,Silver,2021-01-09 20:14:12
C1360,Silver,2023-08-07 05:12:49
C1361,Silver,2023-05-25 09:20:50
C1362,Platinum,2023-02-27 17:16:13
C1363,Silver,2021-02-08 03:48:05
C1364,Gold,2022-11-05 07:45:08
C1365,Silver,2023-11-03 23:42:05
C1366,Platinum,2022-10-24 01:00:19
C1367,Gold,2022-05-11 15:24:47
C1368,Silver,2023-07-14 21:20:26
C1369,Gold,2022-12-27 13:36:16
C1370,Gold,2023-10-24 09:39:26
C1371,Silver,2023-10-28 17:52:19
C1372,Silver,2022-03-14 15:56:30
C1373,Gold,2022-06-01 05:25:02
C1374,Platinum,2022-09-19 12:09:02
C1375,Gold,2023-08-02 15:52:07
C1376,Gold,2023-05-25 06:17:09
C1377,Platinum,2023-07-25 14:24:50
C1378,Gold,2023-11-04 21:01:07
C1379,Silver,2021-10-07 19:25:56
C1380,Silver,2022-09-11 08:10:16
C1381,Silver,2023-11-05 22:48:14
C1382,Silver,2022-09-26 20:02:09
C1383,Gold,2022-05-25 20:50:14
C1384,Silver,2022-04-02 13:50:57
C1385,Platinum,2021-12-12 07:13:09
C1386,Platinum,2023-03-23 05:42:15
C1387,Gold,2022-04-25 01:35:33
C1388,Platinum,2022-06-05 07:53:06
C1389,Platinum,2022-11-17 20:09:47
C1390,Silver,2022-09-09 11:01:35
C1391,Gold,2022-03-12 17:23:48
C1392,Gold,2023-06-29 22:33:00
C1393,Silver,2023-06-27 09:51:44
C1394,Platinum,2023-03-29 11:04:13
C1395,Gold,2022-12-04 20:07:03
C1396,Gold,2022-12-01 20:32:55
C1397,Silver,2023-10-03 07:41:48
C1398,Gold,2021-11-07 14:19:38
C1399,Silver,2023-01-03 22:08:27
C1400,Gold,2023-06-25 08:44:29
C1401,Gold,2022-10-17 16:30:02
C1402,Silver,2023-02-24 17:30:22
C1403,Platinum,2021-12-01 03:36:57
C1404,Platinum,2021-12-01 02:55:46
C1405,Silver,2022-02-06 02:45:51
C1406,Gold,2021-10-02 09:00:42
C1407,Silver,2022-08-23 09:30:57
C1408,Gold,2021-01-25 20:02:23
C1409,Platinum,2022-04-15 23:13:26
C1410,Gold,2021-01-23 16:07:04
C1411,Gold,2021-06-24 01:54:36
C1412,Silver,2021-03-13 23:03:55
C1413,Gold,2023-08-04 10:12:10
C1414,Gold,2022-08-28 05:17:53
C1415,Silver,2022-03-06 12:28:51
C1416,Platinum,2022-04-24 08:50:07
C1417,Silver,2022-08-17 05:35:03
C1418,Silver,2022-01-01 06:01:28
C1419,Gold,2021-10-18 06:38:31
C1420,Gold,2023-05-05 16:24:12
C1421,Gold,2021-05-16 14:44:56
C1422,Silver,2021-05-15 01:17:29
C1423,Platinum,2021-03-29 11:53:50
C1424,Silver,2022-11-28 14:01:56
C1425,Gold,2021-06-03 07:27:21
C1426,Platinum,2021-09-24 22:32:21
C1427,Silver,2021-03-02 15:54:57
C1428,Gold,2022-07-11 06:24:41
C1429,Silver,2022-11-30 22:43:09
C1430,Gold,2021-02-27 23:51:24
C1431,Gold,2021-05-07 09:20:48
C1432,Silver,2021-03-19 09:02:20
C1433,Platinum,2022-08-19 13:42:25
C1434,Gold,2021-03-08 03:15:03
C1435,Silver,2023-10-11 06:05:00
C1436,Platinum,2022-06-01 05:28:57
C1437,Silver,2023-05-10 18:47:37
C1438,Gold,2023-05-05 14:05:45
C1439,Silver,2022-06-08 12:46:54
C1440,Silver,2021-11-25 18:12:34
C1441,Gold,2023-09-16 23:25:13
C1442,Gold,2023-09-11 14:42:00
C1443,Silver,2023-03-19 14:42:37
C1444,Gold,2022-01-30 05:32:36
C1445,Silver,2023-10-28 08:47:39
C1446,Gold,2023-01-10 12:43:46
C1447,Silver,2022-01-21 09:35:03
C1448,Platinum,2021-06-07 03:02:07
C1449,Gold,2022-08-26 04:47:10
C1450,Silver,2023-07-20 10:45:03
C1451,Platinum,2023-01-18 01:49:23
C1452,Platinum,2021-08-16 16:21:12
C1453,Platinum,2021-06-25 11:39:26
C1454,Platinum,2021-04-22 10:40:05
C1455,Platinum,2023-05-27 10:56:37
C1456,Platinum,2022-02-05 05:55:26
C1457,Platinum,2021-06-20 10:56:44
C1458,Silver,2023-05-21 18:33:03
C1459,Gold,2021-08-04 09:07:52
C1460,Platinum,2021-08-11 05:12:41
C1461,Silver,2021-08-22 01:21:45
C1462,Platinum,2021-09-26 05:59:59
C1463,Platinum,2022-07-27 11:17:16
C1464,Platinum,2021-08-24 09:13:34
C1465,Silver,2023-02-17 07:35:40
C1466,Silver,2022-11-05 12:57:25
C1467,Silver,2023-06-23 14:30:35
C1468,Gold,2021-08-22 03:30:52
C1469,Silver,2023-10-21 01:06:41
C1470,Gold,2022-11-04 05:02:15
C1471,Gold,2022-10-27 06:35:51
C1472,Silver,2022-01-25 23:23:20
C1473,Gold,2023-07-16 03:34:44
C1474,Platinum,2021-01-20 16:15:25
C1475,Gold,2022-11-16 12:57:52
C1476,Platinum,2022-09-14 20:03:59
C1477,Silver,2022-11-09 12:05:55
C1478,Platinum,2023-04-01 15:53:18
C1479,Gold,2022-03-06 16:38:41
C1480,Platinum,2022-04-15 00:02:05
C1481,Gold,2022-01-19 16:33:22
C1482,Platinum,2022-03-20 20:47:50
C1483,Silver,2022-02-28 07:03:17
C1484,Platinum,2023-07-05 08:24:52
C1485,Silver,2021-03-09 12:05:24
C1486,Silver,2022-10-04 05:34:33
C1487,Platinum,2023-04-24 18:07:06
C1488,Gold,2022-05-23 12:41:48
C1489,Silver,2023-08-13 02:49:21
C1490,Platinum,2021-01-25 01:48:46
C1491,Platinum,2021-02-02 07:26:58
C1492,Platinum,2022-11-09 05:04:53
C1493,Silver,2023-07-03 19:46:33
C1494,Gold,2022-07-05 08:17:42
C1495,Platinum,2022-01-02 19:32:39
C1496,Platinum,2021-08-01 02:48:50
C1497,Silver,2021-05-10 13:44:14
C1498,Platinum,2023-07-30 16:19:28
C1499,Platinum,2023-04-17 22:02:07
C1500,Platinum,2021-11-09 23:31:33
C1501,Silver,2021-09-14 09:34:31
C1502,Platinum,2021-06-07 16:10:45
C1503,Silver,2022-09-09 13:01:18
C1504,Platinum,2023-09-27 03:57:32
C1505,Gold,2023-03-02 00:56:54
C1506,Silver,2021-03-02 15:06:38
C1507,Platinum,2022-11-19 22:27:15
C1508,Silver,2023-03-30 23:49:27
C1509,Gold,2021-01-31 08:23:46
C1510,Platinum,2022-03-15 13:46:50
C1511,Silver,2021-11-14 08:51:56
C1512,Gold,2021-02-01 15:05:58
C1513,Gold,2021-08-16 06:35:02
C1514,Gold,2023-01-19 22:58:10
C1515,Gold,2021-02-11 22:28:26
C1516,Silver,2021-08-13 04:53:25
C1517,Platinum,2022-11-26 12:15:08
C1518,Gold,2023-01-19 17:00:19
C1519,Silver,2021-07-12 10:55:45
C1520,Gold,2022-01-16 01:44:11
C1521,Silver,2022-02-07 07:22:31
C1522,Silver,2023-07-06 17:05:50
C1523,Silver,2022-05-24 23:27:43
C1524,Gold,2022-04-29 13:23:06
C1525,Gold,2023-01-23 00:12:28
C1526,Silver,2021-09-05 00:25:47
C1527,Platinum,2021-06-06 01:08:39
C1528,Silver,2021-03-29 17:45:36
C1529,Gold,2021-02-12 05:54:50
C1530,Platinum,2022-08-19 09:24:01
C1531,Silver,2023-02-10 09:06:43
C1532,Gold,2023-06-25 15:25:18
C1533,Gold,2023-01-24 04:14:30
C1534,Gold,2021-05-31 03:34:49
C1535,Gold,2022-04-23 19:47:36
C1536,Silver,2021-10-19 21:59:02
C1537,Platinum,2022-04-13 03:23:29
C1538,Platinum,2022-02-01 07:42:30
C1539,Platinum,2021-05-12 23:30:35
C1540,Platinum,2021-07-24 13:24:48
C1541,Platinum,2022-11-29 19:53:20
C1542,Gold,2022-12-09 10:08:33
C1543,Gold,2023-08-09 07:00:20
C1544,Platinum,2023-11-04 03:19:06
C1545,Platinum,2023-02-06 10:30:18
C1546,Silver,2021-12-08 15:18:21
C1547,Gold,2022-11-10 18:05:16
C1548,Platinum,2022-03-29 22:15:00
C1549,Platinum,2023-06-16 02:16:47
C1550,Silver,2021-10-19 21:45:59
C1551,Silver,2023-05-16 21:17:14
C1552,Platinum,2023-06-29 22:36:12
C1553,Gold,2021-04-17 00:43:44
C1554,Platinum,2022-11-24 13:25:26
C1555,Platinum,2022-12-25 21:39:03
C1556,Silver,2023-01-17 01:56:09
C1557,Platinum,2022-06-12 05:16:51
C1558,Silver,2022-09-18 18:20:12
C1559,Platinum,2023-01-25 09:42:03
C1560,Gold,2022-02-10 07:56:02
C1561,Silver,2023-09-25 07:31:31
C1562,Gold,2022-04-12 12:48:18
C1563,Silver,2023-06-18 22:05:04
C1564,Gold,2021-10-27 10:42:05
C1565,Platinum,2021-07-29 14:40:10
C1566,Platinum,2022-01-03 08:45:27
C1567,Gold,2021-02-20 06:52:19
C1568,Platinum,2023-10-15 13:22:15
C1569,Gold,2023-03-17 17:19:50
C1570,Platinum,2022-04-20 13:35:10
C1571,Platinum,2021-03-16 13:39:10
C1572,Silver,2021-04-18 19:29:53
C1573,Silver,2022-08-23 19:56:28
C1574,Silver,2022-08-10 22:43:31
C1575,Platinum,2022-12-21 06:31:19
C1576,Platinum,2021-07-12 14:35:49
C1577,Silver,2022-05-02 09:09:47
C1578,Silver,2021-06-02 05:27:06
C1579,Gold,2021-03-19 04:54:23
C1580,Silver,2022-08-29 14:47:20
C1581,Gold,2023-09-24 11:41:58
C1582,Silver,2021-07-09 12:52:33
C1583,Platinum,2023-04-04 22:56:41
C1584,Gold,2021-11-10 15:57:56
C1585,Platinum,2022-11-20 16:06:45
C1586,Gold,2023-02-07 11:20:31
C1587,Silver,2023-04-02 11:37:52
C1588,Gold,2022-05-04 06:34:37
C1589,Silver,2023-05-05 09:28:31
C1590,Platinum,2021-11-28 02:29:56
C1591,Silver,2023-08-15 01:30:26
C1592,Silver,2023-04-07 21:06:46
C1593,Silver,2023-10-31 15:29:33
C1594,Silver,2022-09-28 21:05:01
C1595,Gold,2022-10-17 02:28:49
C1596,Platinum,2022-02-21 09:40:40
C1597,Gold,2021-04-23 20:00:52
C1598,Platinum,2023-03-24 07:27:58
C1599,Platinum,2021-07-19 03:13:26
C1600,Silver,2021-11-14 17:13:20
C1601,Gold,2023-02-07 21:57:28
C1602,Gold,2021-03-12 19:42:19
C1603,Gold,2022-09-12 02:01:16
C1604,Platinum,2023-08-03 17:10:01
C1605,Silver,2021-05-31 21:25:20
C1606,Platinum,2023-04-09 09:30:00
C1607,Gold,2022-06-12 21:25:04
C1608,Silver,2023-01-09 08:12:14
C1609,Silver,2021-05-23 01:28:26
C1610,Gold,2021-10-21 10:15:05
C1611,Silver,2023-08-24 12:51:24
C1612,Gold,2021-09-23 03:59:49
C1613,Silver,2023-03-14 14:17:26
C1614,Platinum,2021-03-30 03:50:32
C1615,Silver,2021-12-25 13:26:17
C1616,Platinum,2023-05-31 23:13:06
C1617,Platinum,2022-06-20 20:28:41
C1618,Silver,2021-09-28 13:54:22
C1619,Platinum,2021-12-31 08:00:43
C1620,Gold,2022-02-22 17:53:35
C1621,Platinum,2023-02-14 01:10:27
C1622,Gold,2022-09-30 01:24:02
C1623,Gold,2023-09-08 06:31:18
C1624,Silver,2023-07-08 18:58:44
C1625,Silver,2022-09-06 04:03:55
C1626,Gold,2022-07-29 04:17:17
C1627,Silver,2023-06-18 01:36:54
C1628,Gold,2023-05-31 19:06:07
C1629,Silver,2022-08-05 10:29:01
C1630,Gold,2021-11-18 12:35:23
C1631,Silver,2023-05-16 18:15:00
C1632,Platinum,2022-07-26 15:12:40
C1633,Silver,2022-12-12 22:50:30
C1634,Platinum,2023-05-06 13:39:17
C1635,Platinum,2021-09-07 16:48:41
C1636,Silver,2021-11-11 00:01:59
C1637,Silver,2023-02-08 02:33:01
C1638,Silver,2022-03-30 05:49:15
C1639,Platinum,2022-10-27 21:03:17
C1640,Platinum,2023-05-12 07:49:54
C1641,Platinum,2023-03-18 23:38:15
C1642,Gold,2023-04-06 13:50:47
C1643,Platinum,2021-03-02 18:04:39
C1644,Gold,2021-02-14 06:32:15
C1645,Silver,2023-03-20 08:04:36
C1646,Gold,2022-08-23 09:40:40
C1647,Silver,2022-12-16 16:39:22
C1648,Gold,2023-10-18 17:06:35
C1649,Platinum,2022-11-27 19:16:04
C1650,Silver,2023-04-14 15:28:48
C1651,Silver,2021-12-12 08:23:30
C1652,Gold,2021-05-30 00:51:22
C1653,Gold,2022-09-27 18:12:49
C1654,Gold,2022-11-21 08:43:05
C1655,Silver,2022-06-18 22:21:13
C1656,Gold,2022-03-20 03:18:46
C1657,Gold,2021-01-20 04:36:28
C1658,Platinum,2022-03-11 09:18:49
C1659,Silver,2022-01-21 22:48:13
C1660,Gold,2023-07-24 16:16:09
C1661,Platinum,2021-10-19 09:18:41
C1662,Platinum,2021-01-21 08:26:18
C1663,Silver,2023-06-13 15:09:43
C1664,Platinum,2021-06-17 18:28:39
C1665,Gold,2022-08-23 00:45:31
C1666,Platinum,2021-02-20 01:25:09
C1667,Silver,2023-04-20 02:13:20
C1668,Silver,2022-02-23 19:33:59
C1669,Gold,2021-01-02 17:26:58
C1670,Platinum,2023-02-23 16:05:40
C1671,Platinum,2023-08-04 08:37:52
C1672,Gold,2021-05-20 06:52:12
C1673,Gold,2021-03-31 04:13:38
C1674,Silver,2022-02-16 06:37:54
C1675,Silver,2021-07-30 17:55:43
C1676,Platinum,2023-05-29 00:40:43
C1677,Silver,2023-07-03 18:30:24
C1678,Silver,2022-07-17 11:48:28
C1679,Silver,2023-06-16 23:20:14
C1680,Silver,2023-03-19 01:04:14
C1681,Gold,2021-06-04 18:40:10
C1682,Silver,2023-09-11 15:13:54
C1683,Platinum,2023-05-29 10:08:09
C1684,Silver,2021-08-02 20:52:19
C1685,Gold,2022-01-30 10:47:35
C1686,Platinum,2023-05-15 05:47:05
C1687,Platinum,2021-11-30 03:43:29
C1688,Silver,2022-07-24 01:28:14
C1689,Silver,2021-01-18 21:34:02
C1690,Silver,2022-04-09 14:37:11
C1691,Gold,2021-03-26 23:20:34
C1692,Platinum,2022-02-05 18:24:49
C1693,Silver,2022-09-30 00:56:27
C1694,Gold,2023-08-09 23:57:20
C1695,Gold,2022-08-08 01:39:36
C1696,Silver,2021-01-30 06:48:38
C1697,Platinum,2023-03-25 23:26:49
C1698,Silver,2021-01-13 23:35:35
C1699,Gold,2022-11-06 23:49:31
C1700,Platinum,2022-05-17 23:07:44
C1701,Platinum,2023-05-20 13:38:07
C1702,Platinum,2023-06-26 10:49:11
C1703,Platinum,2022-12-28 18:50:51
C1704,Silver,2023-05-17 13:58:52
C1705,Gold,2021-09-12 04:45:15
C1706,Platinum,2022-08-30 03:06:13
C1707,Silver,2021-02-01 22:43:43
C1708,Platinum,2022-06-02 09:44:08
C1709,Platinum,2021-07-31 14:53:42
C1710,Gold,2021-08-29 02:20:38
C1711,Gold,2022-11-04 10:06:30
C1712,Gold,2021-12-03 14:47:04
C1713,Platinum,2022-10-28 04:59:03
C1714,Gold,2023-06-19 05:01:29
C1715,Silver,2023-09-16 13:09:17
C1716,Silver,2023-02-15 03:50:26
C1717,Gold,2023-05-29 20:04:34
C1718,Platinum,2021-01-09 01:11:37
C1719,Silver,2021-09-05 09:43:50
C1720,Silver,2021-10-28 00:46:21
C1721,Silver,2022-11-16 10:43:11
C1722,Gold,2023-02-15 15:32:08
C1723,Silver,2021-07-30 18:00:35
C1724,Platinum,2022-04-14 08:42:18
C1725,Silver,2021-07-01 03:42:40
C1726,Silver,2021-08-14 18:51:17
C1727,Silver,2022-10-29 23:40:22
C1728,Silver,2021-09-17 02:44:17
C1729,Gold,2022-07-04 17:08:42
C1730,Gold,2022-08-06 02:27:14
C1731,Platinum,2023-10-08 13:27:30
C1732,Gold,2021-05-17 14:31:29
C1733,Silver,2021-09-10 21:50:37
C1734,Gold,2021-11-20 15:10:58
C1735,Gold,2023-07-07 10:00:42
C1736,Platinum,2021-03-01 17:18:28
C1737,Silver,2022-12-28 09:54:59
C1738,Silver,2023-03-20 17:24:33
C1739,Platinum,2022-05-14 17:59:21
C1740,Platinum,2021-10-16 11:53:39
C1741,Platinum,2022-03-08 21:02:32
C1742,Gold,2023-05-31 04:15:20
C1743,Silver,2023-08-20 14:14:16
C1744,Platinum,2021-07-01 16:22:42
C1745,Platinum,2021-09-21 20:29:35
C1746,Silver,2022-04-29 13:07:50
C1747,Silver,2022-07-21 13:41:41
C1748,Gold,2021-07-10 12:53:25
C1749,Platinum,2023-10-02 19:25:43
C1750,Silver,2021-03-08 21:51:29
C1751,Platinum,2023-04-30 10:53:42
C1752,Gold,2022-02-03 05:31:12
C1753,Platinum,2022-09-19 15:44:17
C1754,Silver,2022-12-23 12:58:33
C1755,Silver,2023-04-20 22:40:45
C1756,Gold,2021-03-27 07:45:53
C1757,Platinum,2023-01-07 07:28:32
C1758,Platinum,2021-10-04 02:19:25
C1759,Gold,2021-05-13 21:47:16
C1760,Platinum,2023-08-14 16:30:09
C1761,Platinum,2022-08-28 06:42:47
C1762,Platinum,2021-10-23 18:07:34
C1763,Gold,2022-10-05 10:48:40
C1764,Gold,2022-10-28 01:58:53
C1765,Platinum,2021-07-06 02:38:22
C1766,Platinum,2022-07-11 03:19:19
C1767,Silver,2021-08-28 02:32:56
C1768,Gold,2022-02-18 15:45:49
C1769,Platinum,2022-04-27 21:30:02
C1770,Gold,2021-05-21 17:42:55
C1771,Gold,2023-05-21 03:58:03
C1772,Silver,2023-03-18 02:36:57
C1773,Platinum,2021-06-12 04:44:17
C1774,Platinum,2023-02-20 07:16:42
C1775,Gold,2021-04-26 23:06:34
C1776,Platinum,2022-12-31 20:39:14
C1777,Gold,2023-11-11 14:03:51
C1778,Gold,2021-01-06 06:10:33
C1779,Silver,2023-01-05 11:01:26
C1780,Silver,2021-01-07 11:06:35
C1781,Gold,2023-09-24 19:56:13
C1782,Silver,2022-09-13 19:23:51
C1783,Gold,2022-09-22 18:59:08
C1784,Silver,2021-10-06 04:19:39
C1785,Gold,2021-06-22 15:53:28
C1786,Platinum,2021-12-20 08:58:20
C1787,Gold,2023-01-30 15:06:50
C1788,Platinum,2022-07-27 21:40:41
C1789,Gold,2022-06-13 09:40:44
C1790,Platinum,2023-08-07 00:24:35
C1791,Gold,2023-06-24 10:55:02
C1792,Gold,2022-08-31 21:04:46
C1793,Gold,2022-07-09 02:48:47
C1794,Silver,2023-10-01 00:25:45
C1795,Silver,2022-12-24 22:33:50
C1796,Gold,2022-06-22 02:12:24
C1797,Gold,2022-02-10 16:58:10
C1798,Gold,2021-11-08 09:03:37
C1799,Platinum,2022-08-07 02:04:09
C1800,Platinum,2023-07-29 13:09:18
C1801,Platinum,2021-01-11 08:14:02
C1802,Platinum,2023-06-08 01:44:56
C1803,Silver,2022-06-28 03:17:30
C1804,Silver,2021-03-09 08:40:48
C1805,Gold,2023-01-02 16:50:56
C1806,Platinum,2022-06-27 03:54:46
C1807,Silver,2022-03-27 21:50:54
C1808,Silver,2022-08-16 03:44:58
C1809,Gold,2023-06-03 20:07:38
C1810,Platinum,2023-04-02 12:33:41
C1811,Gold,2023-08-03 21:29:41
C1812,Gold,2023-01-12 23:12:07
C1813,Gold,2022-03-29 17:43:56
C1814,Gold,2022-11-13 21:02:34
C1815,Platinum,2022-07-21 12:56:05
C1816,Gold,2022-11-01 00:30:37
C1817,Platinum,2022-06-23 23:14:21
C1818,Silver,2021-10-29 18:31:47
C1819,Platinum,2023-11-05 08:12:34
C1820,Silver,2022-01-05 13:13:49
C1821,Silver,2023-06-14 23:44:39
C1822,Platinum,2021-06-21 22:39:14
C1823,Gold,2023-05-06 19:44:54
C1824,Gold,2021-04-29 05:17:21
C1825,Silver,2021-12-28 08:49:02
C1826,Platinum,2023-06-09 16:10:37
C1827,Gold,2023-09-13 10:29:31
C1828,Platinum,2023-09-29 09:54:24
C1829,Silver,2021-06-05 12:26:09
C1830,Silver,2021-02-05 03:23:35
C1831,Gold,2023-01-27 06:59:47
C1832,Platinum,2022-09-11 04:56:16
C1833,Gold,2021-10-01 07:06:23
C1834,Gold,2023-04-28 22:20:34
C1835,Silver,2022-02-27 02:14:16
C1836,Gold,2023-03-16 17:50:30
C1837,Silver,2021-04-29 15:47:46
C1838,Platinum,2022-06-08 14:55:30
C1839,Gold,2021-06-18 09:33:08
C1840,Platinum,2023-05-31 13:05:15
C1841,Silver,2023-01-27 13:11:06
C1842,Silver,2023-10-22 05:33:06
C1843,Gold,2023-06-01 16:35:07
C1844,Platinum,2021-06-13 14:43:11
C1845,Platinum,2023-09-18 20:53:12
C1846,Platinum,2021-02-13 17:06:44
C1847,Silver,2021-10-14 12:35:20
C1848,Silver,2023-07-05 12:28:14
C1849,Platinum,2023-08-09 18:20:38
C1850,Gold,2021-12-13 10:51:34
C1851,Silver,2022-08-24 02:07:46
C1852,Platinum,2023-04-13 14:45:46
C1853,Silver,2023-04-12 04:52:00
C1854,Platinum,2022-08-28 11:58:00
C1855,Platinum,2023-02-22 15:52:58
C1856,Platinum,2022-04-20 21:13:22
C1857,Gold,2023-04-09 06:17:00
C1858,Silver,2022-07-23 08:22:14
C1859,Gold,2022-01-30 04:03:22
C1860,Platinum,2023-03-14 17:44:31
C1861,Silver,2021-10-15 18:40:09
C1862,Platinum,2023-11-01 07:41:24
C1863,Gold,2023-03-21 00:41:29
C1864,Silver,2023-09-16 16:32:36
C1865,Gold,2021-06-09 08:47:51
C1866,Silver,2023-04-05 08:56:16
C1867,Silver,2023-04-30 03:28:20
C1868,Silver,2022-07-15 04:54:30
C1869,Platinum,2022-07-08 15:30:23
C1870,Silver,2021-05-04 13:31:37
C1871,Silver,2021-11-07 12:40:04
C1872,Platinum,2023-05-20 19:12:56
C1873,Silver,2021-03-03 15:13:44
C1874,Gold,2022-04-26 08:28:19
C1875,Silver,2023-01-21 08:22:30
C1876,Gold,2023-06-19 00:16:05
C1877,Gold,2023-09-16 13:08:16
C1878,Silver,2022-06-27 20:33:39
C1879,Gold,2023-10-29 02:05:23
C1880,Silver,2021-05-03 17:24:42
C1881,Platinum,2022-02-20 07:25:30
C1882,Silver,2021-10-26 11:16:00
C1883,Gold,2021-02-11 02:12:17
C1884,Silver,2021-03-12 23:13:30
C1885,Silver,2021-10-19 16:47:25
C1886,Gold,2023-01-21 03:36:34
C1887,Silver,2023-06-16 00:07:52
C1888,Silver,2022-06-25 02:12:28
C1889,Gold,2022-04-17 14:27:07
C1890,Platinum,2022-09-24 15:13:30
C1891,Platinum,2022-06-11 02:48:02
C1892,Gold,2022-07-03 12:09:56
C1893,Gold,2021-04-09 19:02:54
C1894,Silver,2022-06-02 01:30:57
C1895,Silver,2022-01-11 11:44:37
C1896,Platinum,2023-05-03 19:06:39
C1897,Platinum,2023-07-02 09:02:22
C1898,Gold,2022-12-06 10:49:49
C1899,Gold,2022-02-16 03:35:11
C1900,Platinum,2021-11-09 10:19:46
C1901,Gold,2022-01-22 11:15:00
C1902,Platinum,2023-03-03 15:07:51
C1903,Gold,2021-12-28 23:57:52
C1904,Silver,2021-01-14 14:34:59
C1905,Gold,2023-10-24 11:12:02
C1906,Silver,2021-05-10 23:30:24
C1907,Silver,2022-04-25 23:26:47
C1908,Gold,2022-07-24 01:27:06
C1909,Silver,2021-09-06 09:16:47
C1910,Platinum,2022-10-28 20:42:10
C1911,Gold,2022-03-24 18:47:34
C1912,Silver,2021-01-08 00:26:33
C1913,Silver,2021-06-20 01:57:24
C1914,Gold,2022-01-27 03:39:23
C1915,Gold,2022-02-21 11:51:48
C1916,Silver,2022-06-19 02:05:12
C1917,Silver,2021-04-04 21:13:45
C1918,Platinum,2023-05-11 00:25:58
C1919,Silver,2021-07-08 12:00:50
C1920,Silver,2023-02-07 11:40:35
C1921,Gold,2023-10-15 21:12:00
C1922,Platinum,2022-07-06 14:26:56
C1923,Silver,2023-04-21 23:28:54
C1924,Silver,2023-09-18 20:03:10
C1925,Gold,2021-11-17 13:23:14
C1926,Platinum,2022-10-05 08:38:10
C1927,Platinum,2022-03-11 03:54:40
C1928,Gold,2022-10-27 13:15:49
C1929,Gold,2023-02-04 05:55:59
C1930,Platinum,2021-08-23 18:27:28
C1931,Silver,2021-11-21 02:02:56
C1932,Gold,2021-02-26 06:00:33
C1933,Gold,2023-07-08 13:22:18
C1934,Gold,2022-03-11 14:52:06
C1935,Silver,2022-03-25 03:31:09
C1936,Gold,2023-03-15 19:48:36
C1937,Silver,2021-02-13 19:33:32
C1938,Gold,2023-05-25 02:40:12
C1939,Silver,2021-09-03 14:41:18
C1940,Silver,2022-10-14 07:02:58
C1941,Gold,2021-08-14 23:37:18
C1942,Gold,2021-12-31 05:21:54
C1943,Platinum,2021-12-19 01:11:59
C1944,Silver,2023-07-28 20:11:18
C1945,Silver,2022-06-09 14:13:02
C1946,Silver,2022-06-16 16:34:57
C1947,Gold,2021-07-01 02:18:07
C1948,Platinum,2022-06-13 03:39:31
C1949,Platinum,2021-10-26 03:42:07
C1950,Gold,2023-02-05 07:36:28
C1951,Platinum,2022-11-30 03:49:58
C1952,Gold,2023-09-07 01:55:22
C1953,Gold,2022-07-28 05:37:24
C1954,Platinum,2023-06-25 12:01:57
C1955,Silver,2022-11-28 01:38:40
C1956,Silver,2022-08-23 18:41:46
C1957,Silver,2023-10-22 23:23:05
C1958,Gold,2023-10-02 01:58:32
C1959,Gold,2021-08-19 08:36:37
C1960,Silver,2023-07-21 08:07:34
C1961,Silver,2023-04-13 23:35:18
C1962,Silver,2023-01-05 00:24:17
C1963,Gold,2023-02-23 02:33:31
C1964,Platinum,2022-03-15 06:11:36
C1965,Platinum,2022-11-19 19:36:42
C1966,Silver,2023-01-17 05:45:34
C1967,Platinum,2023-10-11 06:45:58
C1968,Silver,2022-09-05 04:44:55
C1969,Platinum,2021-07-21 21:01:20
C1970,Gold,2021-06-23 02:37:48
C1971,Silver,2022-03-04 21:06:39
C1972,Silver,2022-08-18 08:35:21
C1973,Gold,2022-09-22 11:41:27
C1974,Gold,2022-05-16 09:36:02
C1975,Platinum,2022-03-07 17:00:02
C1976,Silver,2022-08-17 11:08:22
C1977,Silver,2022-07-20 18:39:46
C1978,Silver,2023-10-03 00:21:25
C1979,Gold,2022-09-12 15:27:48
C1980,Gold,2022-12-17 12:58:08
C1981,Platinum,2021-03-19 19:31:40
C1982,Gold,2021-10-08 17:19:31
C1983,Silver,2022-02-15 21:22:11
C1984,Gold,2023-07-23 09:10:07
C1985,Platinum,2022-06-14 23:14:26
C1986,Gold,2021-02-17 11:51:11
C1987,Silver,2023-05-13 15:47:45
C1988,Silver,2021-02-15 05:17:48
C1989,Silver,2023-03-01 03:13:43
C1990,Silver,2021-08-05 19:11:07
C1991,Gold,2021-01-05 05:11:11
C1992,Platinum,2023-03-25 10:33:12
C1993,Platinum,2021-11-24 07:33:48
C1994,Platinum,2022-07-05 05:13:16
C1995,Gold,2022-09-05 09:25:36
C1996,Silver,2023-04-20 17:25:37
C1997,Platinum,2021-06-25 00:56:15
C1998,Platinum,2021-03-19 19:27:04
C1999,Platinum,2022-05-23 21:07:10
C2000,Silver,2021-12-18 05:44:44
